{
  "config": {
    "ticks": 80,
    "shift_tick": 20,
    "batch_size": 100,
    "seeds": [
      0,
      1
    ],
    "switch_period_values": [
      2,
      4,
      8,
      16
    ],
    "label_noise_values": [
      0.0,
      0.28
    ],
    "context_noise": 0.0,
    "reward_delay": 4,
    "adversarial_intensity": 0.65
  },
  "rows": [
    {
      "switch_period": 2,
      "label_noise": 0.0,
      "dte_local_regret": 0.1645794124145441,
      "dte_reliability_arbitrated_ucb": 0.1613947105257214,
      "dte_exp3": 0.14632825365558988,
      "dte_reliability_arbitrated_exp3": 0.14851665877620499,
      "ucb": 0.040508054262122256,
      "exp3": 0.06570851709250689,
      "oracle": 0.0,
      "dte_exp3_vs_local_gain": 0.018251158758954222,
      "dte_exp3_vs_reliability_ucb_gain": 0.015066456870131528,
      "reliability_exp3_vs_reliability_ucb_gain": 0.012878051749516423,
      "exp3_reliability_gate_gain": -0.0021884051206151056,
      "dte_exp3_minus_external_exp3": 0.080619736563083,
      "reliability_exp3_minus_external_exp3": 0.0828081416836981,
      "reliability_ucb_vs_external_ucb": 0.12088665626359915,
      "winner": "ucb"
    },
    {
      "switch_period": 4,
      "label_noise": 0.0,
      "dte_local_regret": 0.15512039073754355,
      "dte_reliability_arbitrated_ucb": 0.15071249103799755,
      "dte_exp3": 0.13381028094259892,
      "dte_reliability_arbitrated_exp3": 0.1379725191615486,
      "ucb": 0.04890747704655438,
      "exp3": 0.06605887025959573,
      "oracle": 0.0,
      "dte_exp3_vs_local_gain": 0.02131010979494463,
      "dte_exp3_vs_reliability_ucb_gain": 0.016902210095398634,
      "reliability_exp3_vs_reliability_ucb_gain": 0.012739971876448958,
      "exp3_reliability_gate_gain": -0.0041622382189496765,
      "dte_exp3_minus_external_exp3": 0.0677514106830032,
      "reliability_exp3_minus_external_exp3": 0.07191364890195287,
      "reliability_ucb_vs_external_ucb": 0.10180501399144318,
      "winner": "ucb"
    },
    {
      "switch_period": 8,
      "label_noise": 0.0,
      "dte_local_regret": 0.17199567578884223,
      "dte_reliability_arbitrated_ucb": 0.1661709266142225,
      "dte_exp3": 0.15537746446783193,
      "dte_reliability_arbitrated_exp3": 0.15308042438030867,
      "ucb": 0.05908686309743976,
      "exp3": 0.07093592521266978,
      "oracle": 0.0,
      "dte_exp3_vs_local_gain": 0.016618211321010296,
      "dte_exp3_vs_reliability_ucb_gain": 0.01079346214639057,
      "reliability_exp3_vs_reliability_ucb_gain": 0.013090502233913837,
      "exp3_reliability_gate_gain": 0.0022970400875232666,
      "dte_exp3_minus_external_exp3": 0.08444153925516215,
      "reliability_exp3_minus_external_exp3": 0.08214449916763888,
      "reliability_ucb_vs_external_ucb": 0.10708406351678273,
      "winner": "ucb"
    },
    {
      "switch_period": 16,
      "label_noise": 0.0,
      "dte_local_regret": 0.1742249198428536,
      "dte_reliability_arbitrated_ucb": 0.16825312604948653,
      "dte_exp3": 0.14662749283855459,
      "dte_reliability_arbitrated_exp3": 0.147989749205727,
      "ucb": 0.18265619872971958,
      "exp3": 0.06410842523645141,
      "oracle": 0.0,
      "dte_exp3_vs_local_gain": 0.027597427004299013,
      "dte_exp3_vs_reliability_ucb_gain": 0.021625633210931944,
      "reliability_exp3_vs_reliability_ucb_gain": 0.020263376843759534,
      "exp3_reliability_gate_gain": -0.0013622563671724097,
      "dte_exp3_minus_external_exp3": 0.08251906760210317,
      "reliability_exp3_minus_external_exp3": 0.08388132396927558,
      "reliability_ucb_vs_external_ucb": -0.014403072680233053,
      "winner": "exp3"
    },
    {
      "switch_period": 2,
      "label_noise": 0.28,
      "dte_local_regret": 0.16481891646388058,
      "dte_reliability_arbitrated_ucb": 0.16510716156330457,
      "dte_exp3": 0.15010121049419967,
      "dte_reliability_arbitrated_exp3": 0.15767452839867263,
      "ucb": 0.0892408387334423,
      "exp3": 0.11017315782943746,
      "oracle": 0.0,
      "dte_exp3_vs_local_gain": 0.014717705969680916,
      "dte_exp3_vs_reliability_ucb_gain": 0.015005951069104906,
      "reliability_exp3_vs_reliability_ucb_gain": 0.007432633164631941,
      "exp3_reliability_gate_gain": -0.007573317904472965,
      "dte_exp3_minus_external_exp3": 0.03992805266476221,
      "reliability_exp3_minus_external_exp3": 0.047501370569235174,
      "reliability_ucb_vs_external_ucb": 0.07586632282986228,
      "winner": "ucb"
    },
    {
      "switch_period": 4,
      "label_noise": 0.28,
      "dte_local_regret": 0.1539592096372862,
      "dte_reliability_arbitrated_ucb": 0.15167389008377336,
      "dte_exp3": 0.14057720235402377,
      "dte_reliability_arbitrated_exp3": 0.14339679194522734,
      "ucb": 0.16268883482799212,
      "exp3": 0.11042076935964126,
      "oracle": 0.0,
      "dte_exp3_vs_local_gain": 0.013382007283262443,
      "dte_exp3_vs_reliability_ucb_gain": 0.011096687729749588,
      "reliability_exp3_vs_reliability_ucb_gain": 0.008277098138546019,
      "exp3_reliability_gate_gain": -0.0028195895912035696,
      "dte_exp3_minus_external_exp3": 0.030156432994382504,
      "reliability_exp3_minus_external_exp3": 0.03297602258558607,
      "reliability_ucb_vs_external_ucb": -0.011014944744218769,
      "winner": "exp3"
    },
    {
      "switch_period": 8,
      "label_noise": 0.28,
      "dte_local_regret": 0.17161510092376825,
      "dte_reliability_arbitrated_ucb": 0.16563016068813494,
      "dte_exp3": 0.16277370485518672,
      "dte_reliability_arbitrated_exp3": 0.16309814400173983,
      "ucb": 0.0889693146332738,
      "exp3": 0.10690013928060696,
      "oracle": 0.0,
      "dte_exp3_vs_local_gain": 0.00884139606858153,
      "dte_exp3_vs_reliability_ucb_gain": 0.002856455832948218,
      "reliability_exp3_vs_reliability_ucb_gain": 0.0025320166863951055,
      "exp3_reliability_gate_gain": -0.0003244391465531127,
      "dte_exp3_minus_external_exp3": 0.05587356557457976,
      "reliability_exp3_minus_external_exp3": 0.05619800472113287,
      "reliability_ucb_vs_external_ucb": 0.07666084605486113,
      "winner": "ucb"
    },
    {
      "switch_period": 16,
      "label_noise": 0.28,
      "dte_local_regret": 0.17201021830222624,
      "dte_reliability_arbitrated_ucb": 0.17191162339977178,
      "dte_exp3": 0.15105157019934923,
      "dte_reliability_arbitrated_exp3": 0.15301967279307,
      "ucb": 0.18631387579012493,
      "exp3": 0.1063019686790189,
      "oracle": 0.0,
      "dte_exp3_vs_local_gain": 0.02095864810287701,
      "dte_exp3_vs_reliability_ucb_gain": 0.020860053200422557,
      "reliability_exp3_vs_reliability_ucb_gain": 0.01889195060670179,
      "exp3_reliability_gate_gain": -0.0019681025937207663,
      "dte_exp3_minus_external_exp3": 0.044749601520330334,
      "reliability_exp3_minus_external_exp3": 0.0467177041140511,
      "reliability_ucb_vs_external_ucb": -0.014402252390353143,
      "winner": "exp3"
    }
  ],
  "summary": {
    "rows": [
      {
        "switch_period": 2,
        "label_noise": 0.0,
        "dte_local_regret": 0.1645794124145441,
        "dte_reliability_arbitrated_ucb": 0.1613947105257214,
        "dte_exp3": 0.14632825365558988,
        "dte_reliability_arbitrated_exp3": 0.14851665877620499,
        "ucb": 0.040508054262122256,
        "exp3": 0.06570851709250689,
        "oracle": 0.0,
        "dte_exp3_vs_local_gain": 0.018251158758954222,
        "dte_exp3_vs_reliability_ucb_gain": 0.015066456870131528,
        "reliability_exp3_vs_reliability_ucb_gain": 0.012878051749516423,
        "exp3_reliability_gate_gain": -0.0021884051206151056,
        "dte_exp3_minus_external_exp3": 0.080619736563083,
        "reliability_exp3_minus_external_exp3": 0.0828081416836981,
        "reliability_ucb_vs_external_ucb": 0.12088665626359915,
        "winner": "ucb"
      },
      {
        "switch_period": 4,
        "label_noise": 0.0,
        "dte_local_regret": 0.15512039073754355,
        "dte_reliability_arbitrated_ucb": 0.15071249103799755,